0.4986592913638095, -0.00018723645540419387
0.7595156584650118, -0.000032823281368998813
1.020372025566214, 0.00012158989266630726
1.2812283926674164, 0.00027600306670161334
1.5420847597686187, 0.00027600306670161334
1.8029411268698228, 0.00027600306670161334
2.063797493971024, 0.00027600306670161334
2.3246538610722274, 0.00027600306670161334
2.5855102281734306, 0.00027600306670161334
2.846366595274632, 0.00027600306670161334
3.107222962375835, 0.00027600306670161334
3.3680793294770366, 0.00027600306670161334
3.6289356965782398, 0.0005333583567602718
3.889792063679441, 0.0005848294147721145
4.150648430780644, 0.0005848294147721145
4.411504797881848, 0.0005848294147721145
4.672361164983049, 0.0005848294147721145
4.933217532084252, 0.0005848294147721145
5.194073899185454, 0.0005848294147721145
5.454930266286657, 0.0005848294147721145
5.715786633387858, 0.0005848294147721145
5.976643000489061, 0.0005848294147721145
6.237499367590265, 0.0005848294147721145
6.498355734691466, 0.0005848294147721145
6.759212101792669, 0.0005848294147721145
7.020068468893871, 0.0005848294147721145
7.280924835995074, 0.0005848294147721145
7.541781203096277, 0.0005848294147721145
7.802637570197478, 0.0005848294147721145
8.06349393729868, 0.0005848294147721145
8.324350304399882, 0.0005848294147721145
8.585206671501087, 0.0005848294147721145
8.846063038602288, 0.0007392425888073095
9.10691940570349, 0.0008936557628426156
9.367775772804695, 0.0010995399948896534
9.628632139905896, 0.0012024821109131167
9.889488507007094, 0.0012024821109131167
10.150344874108299, 0.0012024821109131167
10.4112012412095, 0.0012024821109131167
10.672057608310702, 0.0012024821109131167
10.932913975411907, 0.0012024821109131167
11.193770342513108, 0.0012539531689249594
11.45462670961431, 0.0017686637490424983
11.715483076715511, 0.00182013480705423
11.976339443816716, 0.00182013480705423
12.237195810917918, 0.00182013480705423
12.498052178019119, 0.00182013480705423
12.758908545120324, 0.00182013480705423
13.019764912221525, 0.00182013480705423
13.280621279322727, 0.0022319032711483056
13.541477646423928, 0.0024377875031953433
13.802334013525133, 0.0024377875031953433
14.063190380626335, 0.002489258561207075
14.324046747727536, 0.0024377875031953433
14.584903114828741, 0.0026951427932540017
14.845759481929942, 0.0030554401993363456
15.106615849031144, 0.0030554401993363456
15.367472216132345, 0.0031069112573481883
15.62832858323355, 0.0035701507794539955
15.889184950334752, 0.003673092895477459
16.150041317435953, 0.003673092895477459
16.410897684537158, 0.003673092895477459
16.67175405163836, 0.0038789771275244966
16.93261041873956, 0.004290745591618461
17.193466785840762, 0.004290745591618461
17.454323152941967, 0.004805456171736111
17.71517952004317, 0.004908398287759574
17.97603588714437, 0.004908398287759574
18.236892254245575, 0.005526050983900688
18.497748621346776, 0.005526050983900688
18.758604988447978, 0.005577522041912419
19.01946135554918, 0.00614370368004169
19.280317722650384, 0.006195174738053533
19.541174089751586, 0.006709885318170961
19.802030456852787, 0.007121653782265036
20.062886823953992, 0.007430480130335648
20.323743191055193, 0.007996661768464919
20.584599558156395, 0.008459901290570726
20.845455925257596, 0.00887166975466469
21.1063122923588, 0.009283438218758766
21.367168659460003, 0.009849619856888148
21.628025026561204, 0.009952561972911611
21.88888139366241, 0.009952561972911611
22.14973776076361, 0.01072462784308792
22.41059412786481, 0.011136396307181995
22.671450494966017, 0.011754049003323108
22.932306862067218, 0.012423172757475842
23.209466752112245, 0.01332391627268159
23.223596471996895, 0.021523255813954312
23.425567538102726, 0.06451188346537251
23.28011535153549, 0.03702633848709502
23.25837732094372, 0.029511564017378755
23.374705265833818, 0.06034189010279212
23.54097171863669, 0.06729132059800735
23.714875963370826, 0.071151649948889
23.893127814223313, 0.07488844876054246
24.040946422247327, 0.07927378290314402
24.206155454744753, 0.08372088231535979
24.345278850532065, 0.08736503322259204
24.497445064674434, 0.09112242045745023
24.627873248225033, 0.09518863404037892
24.758301431775635, 0.09951220291336638
24.904256780034643, 0.10390930186922775
25.02350540499519, 0.10811816381293193
25.14958598242744, 0.11263732270636406
25.280014165978038, 0.1170638336953751
25.406094743410286, 0.12158299258880712
25.50174207801406, 0.12584479619218047
25.623475049327954, 0.1302918956043962
25.714774777813375, 0.1346154644773837
25.80172690018044, 0.1386302070023006
25.888679022547514, 0.14256774294019992
25.97997875103293, 0.14678322259136273
26.101711722346828, 0.15141561781242074
26.193011450832245, 0.15600168908126816
26.258225542607548, 0.15973334078712037
26.345177664974614, 0.16372234778303146
26.432129787341687, 0.16843194959110713
26.536472334182164, 0.17365111487349916
26.60603403207582, 0.17785115320725836
26.692986154442885, 0.18202030890621057
26.808922317598977, 0.1870644725913626
26.866890399177024, 0.19195422310247945
26.9712329460175, 0.19699838678763149
27.062532674502926, 0.20214549258880704
27.12774676627822, 0.20749848262202963
27.214698888645287, 0.2121308778430876
27.30165101101236, 0.21730371917326907
27.405993557852838, 0.2229398000255563
27.497293286338262, 0.22824131900076716
27.58424540870533, 0.23390313538206026
27.671197531072394, 0.2400281912854591
27.75814965343946, 0.24584442084078756
27.845101775806533, 0.2512488819320219
27.92770629205524, 0.256910698313315
28.019006020540665, 0.26226368834653757
28.10595814290773, 0.2685946284819835
28.192910265274797, 0.27456527121134716
28.27986238764187, 0.28069032711474606
28.366814510008936, 0.286609498786098
28.453766632376002, 0.2920139598773323
28.540718754743068, 0.29762430520061367
28.627670877110134, 0.3033890636979303
28.714622999477207, 0.30935970642729393
28.801575121844273, 0.3153818202146694
28.88852724421134, 0.3212495208280095
28.975479366578405, 0.3269113372093026
29.062431488945478, 0.3324702114745722
29.149383611312544, 0.3380290857398418
29.23633573367961, 0.3437423731791467
29.323287856046676, 0.34945566061845157
29.410239978413742, 0.3552718901737799
29.484149282425754, 0.3607381165346284
29.579796617029523, 0.3666675824175826
29.649358314923177, 0.37158821556350646
29.73631043729025, 0.3757316357334528
29.823262559657316, 0.3802096177804755
29.91021468202438, 0.3852280459366217
29.997166804391448, 0.39047809385382076
30.08411892675852, 0.3955737285969846
30.171071049125587, 0.4005149501661131
30.236285140900883, 0.4042208663429595
30.36236571833313, 0.4115091681574241
30.431927416226785, 0.4162650939177103
30.518879538593858, 0.4205886627906978
30.605831660960924, 0.4252982645987734
30.69278378332799, 0.4296218334717609
30.779735905695055, 0.43402260893176603
30.88407845253554, 0.4391800089445439
30.979725787139316, 0.44412123051367247
31.105806364571563, 0.44869186046511633
31.236234548122162, 0.4536330820342449
31.36666273167276, 0.4585743036033734
31.497090915223367, 0.46305228565039613
31.627519098773966, 0.46737585452338365
31.801423343508098, 0.47185383657040636
31.975327588242237, 0.4761774054433938
32.17096986356814, 0.4797597910810121
32.410088200077574, 0.48374365097112193
32.67094456717877, 0.48672897233580376
32.93180093427998, 0.48873634359826224
33.19265730138118, 0.4883760461921799
33.45351366848238, 0.4868319144518273
33.714370035583585, 0.4835892377970866
33.95348837209302, 0.4800686174290826
34.14913064741892, 0.4761001988563762
34.32303489215306, 0.47208545633145926
34.49693913688719, 0.4680707138065423
34.670843381621324, 0.46374714493355484
34.84474762635546, 0.4594235760605674
34.99691384049783, 0.4556919243547151
35.06647553839149, 0.4522742461027346
35.192556115823734, 0.44812567882698706
35.32298429937433, 0.44354475466394083
35.44906487680658, 0.4396123658318427
35.544712211410356, 0.43565938857653985
35.666445182724246, 0.4313358197035524
35.75774491120967, 0.4272284292742143
35.844697033576736, 0.4235997196843855
35.93164915594381, 0.42027983644262723
36.018601278310875, 0.4166511268527985
36.10555340067794, 0.41271359091489923
36.19250552304501, 0.40869884838998227
36.27945764541207, 0.40452969269103006
36.344671737187376, 0.4010296607462307
36.449014284027854, 0.3968090339892667
36.51857598192151, 0.3930001756963968
36.62291852876199, 0.388841314209047
36.71421825724741, 0.38461039324048063
36.80117037961448, 0.38090447706363423
36.88812250198155, 0.3771985608867878
36.975074624348615, 0.37341543812292377
37.06202674671568, 0.369786728533095
37.148978869082754, 0.3660808123562486
37.23593099144982, 0.3623748961794022
37.322883113816886, 0.3589778063506263
37.40983523618395, 0.3555035099348328
37.501134964669376, 0.35153509136212646
37.622867935983265, 0.34758211410682366
37.71851527058704, 0.3434438410426785
37.84459584801929, 0.33905850690007694
37.975024031569895, 0.3344261116790189
38.10545221512049, 0.3294848901098904
38.23588039867109, 0.32454366854076183
38.3663085822217, 0.3198083312036803
38.4967367657723, 0.3149700517505753
38.622817343204545, 0.31052295233835964
38.71846467780831, 0.3063229140046004
38.84454525524057, 0.3018964030155894
38.97497343879117, 0.29705812356248434
39.10105401622342, 0.29261102415026863
39.19670135082718, 0.2885962816253517
39.31843432214109, 0.28464330437004887
39.414081656744855, 0.2805667965755178
39.5401622341771, 0.2764182292997704
39.67059041772771, 0.2718373051367241
39.80101860127831, 0.2675137362637366
39.93144678482891, 0.26319016739074913
40.06187496837951, 0.25886659851776167
40.19230315193011, 0.254594500702786
40.32273133548071, 0.2504768160618456
40.46868668373972, 0.24596942198167326
40.583587702581916, 0.24224144677996462
40.735753916724285, 0.23868994377715352
40.82270603909135, 0.23513844077434237
40.95313422264195, 0.23143252459749597
41.06617198171914, 0.22788102159468482
41.213990589743155, 0.22448393176590897
41.344418773293754, 0.22077801558906257
41.43137089566083, 0.21722651258625142
41.62701317098673, 0.21290294371326396
41.77917938512909, 0.20904261436238225
41.93134559927146, 0.20502787183746535
42.1052498440056, 0.20085871613851314
42.27915408873973, 0.19692118020061383
42.45305833347387, 0.19290643767569687
42.626962578208, 0.18927772808586812
42.80086682294213, 0.18580343167007463
42.996509098268035, 0.18174236519294706
43.19215137359394, 0.17815997955532892
43.38779364891984, 0.17451582864809662
43.62691198542928, 0.1707481472016361
43.88776835253048, 0.1670422310247897
44.148624719631684, 0.16374808331203733
44.40948108673288, 0.160453935599285
44.67033745383409, 0.1572112589445444
44.93119382093529, 0.15427740863787437
45.19205018803649, 0.15144650044722774
45.452906555137695, 0.14861559225658116
45.7137629222389, 0.14599056829798163
45.9746192893401, 0.14362289962944091
46.2354756564413, 0.14130670201891193
46.49633202354251, 0.13904197546639463
46.757188390643705, 0.13682871997188917
47.01804475774491, 0.13471840659340717
47.278901124846115, 0.13276250638896048
47.53975749194731, 0.130755135126502
47.80061385904852, 0.12910806127012586
48.061470226149716, 0.12725510318170263
48.32232659325092, 0.12545361615129114
48.583182960352126, 0.12365212912087975
48.84403932745332, 0.12190211314848004
49.10489569455453, 0.12057221454659739
49.39512788417876, 0.1190113849933988
49.7000479850645, 0.11720433202537195
23.357774017672494, 0.054894497863248515
23.313710283887946, 0.046756477029915255
23.196206993795826, 0.013787059294872561
