20.305301171352035, 0.000058103801705511327
20.453653821002476, 0.000057960968548209646
20.6020077459501, -0.00001903801172609132
20.750360395600538, -0.000019180844883393
20.898713045250975, -0.00001932367804069468
21.047065694901413, -0.00001946651119799636
21.195418344551854, -0.000019609344355298042
21.34377099420229, -0.000019752177512599722
21.49212364385273, -0.000019895010669901403
21.640476293503166, -0.000020037843827203083
21.788828943153604, -0.000020180676984504764
21.937181592804045, -0.000020323510141806445
22.08553424245448, -0.000020466343299108125
22.23388689210492, -0.000020609176456409806
22.382239541755357, -0.000020752009613711486
22.530592191405795, -0.000020894842771013167
22.678944841056232, -0.000021037675928314847
22.82729749070667, -0.000021180509085616528
22.97565014035711, -0.00002132334224291821
23.124002790007548, -0.00002146617540021989
23.272355439657986, -0.00002160900855752157
23.420708089308423, -0.00002175184171482325
23.56906073895886, -0.00002189467487212493
23.7174133886093, -0.00002203750802942661
23.865766038259736, -0.000022180341186728292
24.014118475360647, -0.000009513816491169003
24.162469849713894, 0.0000671994974685286
24.310821436616678, 0.00013110345357536524
24.45917323606899, 0.00018219805182942417
24.60752397277365, 0.0002973394393476214
24.75587364673065, 0.000476527616129957
24.90422332068765, 0.0006557157929123203
25.052571931896992, 0.0008989507589588497
25.200919480358678, 0.0012062325142695451
25.349266391171774, 0.0015519423431387402
25.497612664336273, 0.001936080245566435
25.645957662203585, 0.002397074295111129
25.794302660070898, 0.002858068344655823
25.942646382641023, 0.0033959185413175164
26.09098861736443, 0.004023434242949042
26.23933106463737, 0.004638140586727735
26.387671386414993, 0.0053809405090347595
26.53601170819262, 0.006123740431341784
26.684351392321652, 0.006904968427207309
26.832687888207715, 0.007878336790865331
26.968662811057044, 0.00878254652488114
27.09227599083001, 0.009627845115537048
27.21588891554354, 0.010488514935616366
27.33950005484101, 0.011456783361659478
27.463111194138477, 0.01242505178770259
27.57436005898576, 0.013366432465017841
27.673247478326026, 0.01423096889797923
27.772133941193403, 0.015153147441278325
27.871020404060776, 0.01607532598457745
27.96990782340104, 0.016939862417538837
28.068792692146932, 0.017958111144734196
28.16767851736571, 0.01891871776159182
28.26656242963871, 0.01999460859912494
28.377809190245635, 0.021062801919183277
28.476693102518635, 0.02213869275671637
28.57557726985107, 0.023199212364826083
28.64973918381807, 0.024067615410669527
28.714011176201147, 0.024920656749300052
28.793116520603483, 0.02588896802529035
28.88458178015621, 0.027026350922174924
28.971104246922195, 0.028025397515354156
29.069989179432945, 0.02903980343519369
29.134260279107988, 0.029946644076806098
29.214188869679333, 0.030971315733831314
29.317189777975692, 0.03228289478826889
29.403709566617586, 0.03344333929039381
29.50506564046227, 0.03454228459150939
29.564391141696756, 0.035479872453073866
29.64473192923634, 0.0364981390344139
29.725073673248815, 0.03745876350541619
29.81159403577444, 0.038584622741338476
29.910475397453066, 0.039814225873105596
29.99699773668933, 0.04082095808099652
30.058795080671207, 0.04180081444292272
30.13913618703509, 0.04279986698748349
30.207116166716254, 0.043702861250911135
30.293639589955127, 0.04464426573375262
30.37398037749471, 0.04566253231509265
30.444432965101576, 0.046561681390611814
30.503757701157753, 0.047545382940446496
30.590281124396626, 0.048486787423287964
30.664440870358405, 0.049485845919230304
30.755909254389245, 0.050434931255678245
30.825124677207658, 0.05138788082445561
30.911647462797937, 0.05236771338085559
30.985806252286828, 0.05342441398713568
31.084690483384126, 0.054481090787889555
31.15884991052161, 0.055499363320611145
31.245373014936185, 0.056459981840231876
31.319534036195154, 0.05738218418905722
31.393695907652248, 0.05825314910647121
31.480219118341594, 0.059207362947165526
31.579102711790295, 0.0603024678214779
31.677986624063294, 0.06137835865901102
31.764510366126466, 0.06230054910507325
31.838673512880746, 0.06309465787537025
31.925196404745794, 0.06406808575284383
32.01172099700709, 0.06493903876749471
32.09824420769643, 0.06589325260818903
32.197128438793726, 0.0669499294089429
32.29601394518822, 0.06792975006257977
32.39490040805559, 0.0688519286058789
32.49378655209867, 0.06979332118595727
32.59267269614175, 0.07073471376603564
32.69155788371194, 0.07173374845645177
32.790444027755015, 0.07267514103653014
32.901692446248276, 0.07364342136533635
33.01294048215239, 0.07463475853827765
33.11182726384406, 0.07553772304479753
33.21071372671143, 0.07645990158809665
33.309601464875996, 0.07730522398427878
33.420849947134116, 0.07826966150572913
33.532098556921966, 0.0792264134124678
33.63098661391082, 0.08005252177187068
33.74223554252296, 0.08099005964183009
33.86584668182043, 0.08195832806787319
33.97709624808117, 0.0828574378642741
34.08834555928246, 0.08377191889009841
34.211956698579925, 0.08474018731614152
34.33556834799627, 0.08567771328333783
34.44681906202448, 0.08650765254733345
34.55806875581493, 0.08739907672902265
34.68168168052846, 0.08825974654910196
34.80529435018256, 0.08913578759860466
34.92890676477721, 0.09002719987753077
35.05251892431244, 0.09093398338588027
35.176131849025964, 0.09179465320595957
35.299745793977245, 0.09259383810834529
35.42335846363134, 0.09346987915784799
35.55933385408963, 0.09434590830458758
35.70767120017382, 0.09526803923683427
35.85600812115895, 0.09621578888478663
36.0043458923422, 0.09711230110132765
36.152683450975914, 0.09802162267572151
36.30102058451057, 0.09895656296582103
36.4493602686396, 0.09973779096168654
36.59769910257051, 0.1005702563889634
36.746037723951886, 0.10141553117409309
36.89437719553139, 0.10220956852781145
37.04271709220995, 0.10297798716582414
37.191056351239915, 0.10378483387739533
37.339397735765196, 0.10446358701043817
37.48773784499329, 0.10521919629059803
37.636078166770915, 0.10596199621290506
37.784419126197136, 0.10666636806165358
37.932761573470074, 0.10728107440543228
38.08110210779723, 0.10801106496988647
38.22944391742158, 0.10866419938722366
38.377786364694515, 0.10927890573100235
38.526127961769326, 0.10994484950619238
38.674470196492734, 0.1105723652078239
38.82281328141426, 0.1111486434780441
38.97115615378626, 0.11173773110611711
39.119499026158266, 0.11232681873419013
39.267842536178854, 0.11287747828870466
39.41618519600132, 0.11347937527463052
39.564529556220045, 0.11397879739773371
39.71287327879017, 0.11451664759439541
39.861217001360295, 0.11505449779105709
40.00956093647995, 0.11557953862986595
40.15790614689679, 0.11602772332155781
40.306250294565984, 0.11653995480251383
40.45459422968564, 0.1170649956413227
40.60293944010249, 0.11751318033301456
40.75128528816792, 0.11792293695114792
40.8996300734857, 0.11839674035854544
41.047975709001605, 0.11881930633453164
41.196320494319394, 0.11929310974192917
41.34466655493436, 0.1196900570022097
41.493012190450266, 0.12011262297819587
41.641358038515705, 0.12052237959632925
41.78970388658114, 0.1209321362144626
41.93804930954752, 0.12136751154830162
42.086395582712015, 0.12175164945072932
42.23474143077746, 0.12216140606886268
42.38308834159055, 0.12250711589773187
42.53143503985412, 0.1228656350844539
42.679781950667206, 0.1232113449133231
42.8281288614803, 0.1235570547421923
42.97647492209527, 0.12395400200247281
43.12482183290837, 0.124299711831342
43.273168743721456, 0.1246454216602112
43.42151565453455, 0.12499113148908039
43.56986214024859, 0.12536246003365525
43.718209476160744, 0.12568255114681878
43.86655702462243, 0.12598983290212948
44.01490393543553, 0.12633554273099867
44.16325169644674, 0.12663001512845654
44.31159881980937, 0.1269629155994729
44.45994594317199, 0.12729581607048926
44.60829391673275, 0.1275774791100943
44.75664082754584, 0.12792318893896348
44.90498858855706, 0.12821766133642135
45.053336349568276, 0.1285121337338792
45.20168326038137, 0.1288578435627484
45.35003123394212, 0.12913950660235343
45.49837920750287, 0.12942116964195846
45.646726755964565, 0.12972845139726913
45.795074516975774, 0.13002292379472702
45.943423128185124, 0.13026615876077352
46.09177025154774, 0.13059905923178988
46.240118225108496, 0.1308807222713949
46.38846662376831, 0.13113676659529427
46.53681459732906, 0.1314184296348993
46.68516235834028, 0.13171290203235717
46.83351054445056, 0.13198175571410936
46.98185851801131, 0.1322634187537144
47.13020649157206, 0.13254508179331942
47.278554465132814, 0.13282674483292445
47.42690350144122, 0.1330443610832653
47.57525126245244, 0.13333883348072317
47.72359966111225, 0.13359487780462254
47.871948272321596, 0.13383811277066907
48.02029645843187, 0.13410696645242126
48.16864443199263, 0.1343886294920263
48.31699283065244, 0.13464467381592565
48.46534186696084, 0.13486229006626652
48.61369026562066, 0.13511833439016588
48.762038026631885, 0.13541280678762374
48.91038642529169, 0.1356688511115231
49.058735036501034, 0.13591208607756963
49.207083860259914, 0.13614251168576333
49.355432684018794, 0.13637293729395703
49.503781507777674, 0.13660336290215072
49.65213033153654, 0.13683378851034442
49.80047873019636, 0.13708983283424378
49.92410285627018, 0.13727544949547876
